案例ID,事故ID
OSHA_00002,A002
OSHA_00002,A003
OSHA_00002,A004
OSHA_00003,A002
OSHA_00003,A003
OSHA_00003,A004
OSHA_00004,A002
OSHA_00004,A003
OSHA_00004,A004
OSHA_00005,A002
OSHA_00005,A003
OSHA_00005,A004
OSHA_00006,A002
OSHA_00006,A003
OSHA_00006,A004
OSHA_00007,A002
OSHA_00007,A003
OSHA_00007,A004
OSHA_00009,A002
OSHA_00009,A003
OSHA_00009,A004
OSHA_00010,A002
OSHA_00010,A003
OSHA_00010,A004
OSHA_00014,A002
OSHA_00014,A003
OSHA_00014,A004
OSHA_00015,A002
OSHA_00015,A003
OSHA_00015,A004
OSHA_00017,A002
OSHA_00017,A003
OSHA_00017,A004
OSHA_00018,A002
OSHA_00018,A003
OSHA_00018,A004
OSHA_00020,A002
OSHA_00020,A003
OSHA_00020,A004
OSHA_00021,A002
OSHA_00021,A003
OSHA_00021,A004
OSHA_00022,A002
OSHA_00022,A003
OSHA_00022,A004
OSHA_00025,A002
OSHA_00025,A003
OSHA_00025,A004
OSHA_00026,A002
OSHA_00026,A003
OSHA_00026,A004
OSHA_00028,A002
OSHA_00028,A003
OSHA_00028,A004
OSHA_00029,A002
OSHA_00029,A003
OSHA_00029,A004
OSHA_00030,A002
OSHA_00030,A003
OSHA_00030,A004
OSHA_00031,A002
OSHA_00031,A003
OSHA_00031,A004
OSHA_00033,A002
OSHA_00033,A003
OSHA_00033,A004
OSHA_00034,A002
OSHA_00034,A003
OSHA_00034,A004
OSHA_00035,A002
OSHA_00035,A003
OSHA_00035,A004
OSHA_00036,A002
OSHA_00036,A003
OSHA_00036,A004
OSHA_00037,A002
OSHA_00037,A003
OSHA_00037,A004
OSHA_00038,A002
OSHA_00038,A003
OSHA_00038,A004
OSHA_00039,A002
OSHA_00039,A003
OSHA_00039,A004
OSHA_00040,A002
OSHA_00040,A003
OSHA_00040,A004
OSHA_00041,A002
OSHA_00041,A003
OSHA_00041,A004
OSHA_00042,A002
OSHA_00042,A003
OSHA_00042,A004
OSHA_00043,A002
OSHA_00043,A003
OSHA_00043,A004
OSHA_00044,A002
OSHA_00044,A003
OSHA_00044,A004
OSHA_00045,A002
OSHA_00045,A003
OSHA_00045,A004
OSHA_00046,A002
OSHA_00046,A003
OSHA_00046,A004
OSHA_00047,A002
OSHA_00047,A003
OSHA_00047,A004
OSHA_00048,A002
OSHA_00048,A003
OSHA_00048,A004
OSHA_00049,A002
OSHA_00049,A003
OSHA_00049,A004
OSHA_00050,A002
OSHA_00050,A003
OSHA_00050,A004
OSHA_00051,A002
OSHA_00051,A003
OSHA_00051,A004
OSHA_00052,A002
OSHA_00052,A003
OSHA_00052,A004
OSHA_00053,A002
OSHA_00053,A003
OSHA_00053,A004
OSHA_00056,A002
OSHA_00056,A003
OSHA_00056,A004
OSHA_00057,A002
OSHA_00058,A002
OSHA_00058,A003
OSHA_00058,A004
OSHA_00059,A002
OSHA_00059,A003
OSHA_00059,A004
OSHA_00060,A002
OSHA_00060,A003
OSHA_00060,A004
OSHA_00061,A002
OSHA_00061,A003
OSHA_00061,A004
OSHA_00062,A002
OSHA_00062,A003
OSHA_00062,A004
OSHA_00063,A002
OSHA_00063,A003
OSHA_00063,A004
OSHA_00064,A002
OSHA_00064,A003
OSHA_00064,A004
OSHA_00066,A002
OSHA_00066,A003
OSHA_00066,A004
OSHA_00067,A002
OSHA_00067,A003
OSHA_00067,A004
OSHA_00069,A002
OSHA_00069,A003
OSHA_00069,A004
OSHA_00071,A002
OSHA_00072,A002
OSHA_00072,A003
OSHA_00072,A004
OSHA_00073,A002
OSHA_00073,A003
OSHA_00073,A004
OSHA_00074,A002
OSHA_00074,A003
OSHA_00074,A004
OSHA_00075,A002
OSHA_00075,A003
OSHA_00075,A004
OSHA_00079,A002
OSHA_00079,A003
OSHA_00079,A004
OSHA_00080,A002
OSHA_00080,A003
OSHA_00080,A004
OSHA_00081,A002
OSHA_00081,A003
OSHA_00081,A004
OSHA_00082,A002
OSHA_00082,A003
OSHA_00082,A004
OSHA_00083,A002
OSHA_00083,A003
OSHA_00083,A004
OSHA_00084,A002
OSHA_00084,A003
OSHA_00084,A004
OSHA_00086,A002
OSHA_00088,A002
OSHA_00088,A003
OSHA_00088,A004
OSHA_00089,A002
OSHA_00091,A002
OSHA_00091,A003
OSHA_00091,A004
OSHA_00092,A002
OSHA_00093,A002
OSHA_00093,A003
OSHA_00093,A004
OSHA_00094,A002
OSHA_00094,A003
OSHA_00094,A004
OSHA_00095,A002
OSHA_00095,A003
OSHA_00095,A004
OSHA_00096,A002
OSHA_00096,A003
OSHA_00096,A004
OSHA_00097,A002
OSHA_00097,A003
OSHA_00097,A004
OSHA_00098,A002
OSHA_00098,A003
OSHA_00098,A004
OSHA_00099,A002
OSHA_00099,A003
OSHA_00099,A004
OSHA_00100,A002
OSHA_00100,A003
OSHA_00100,A004
OSHA_00101,A002
OSHA_00101,A003
OSHA_00101,A004
OSHA_00102,A002
OSHA_00102,A003
OSHA_00102,A004
OSHA_00103,A002
OSHA_00103,A003
OSHA_00103,A004
OSHA_00104,A002
OSHA_00104,A003
OSHA_00104,A004
OSHA_00105,A002
OSHA_00105,A003
OSHA_00105,A004
OSHA_00108,A002
OSHA_00108,A003
OSHA_00108,A004
OSHA_00109,A002
OSHA_00109,A003
OSHA_00109,A004
OSHA_00110,A002
OSHA_00110,A003
OSHA_00110,A004
OSHA_00111,A002
OSHA_00111,A003
OSHA_00111,A004
OSHA_00112,A002
OSHA_00112,A003
OSHA_00112,A004
OSHA_00113,A002
OSHA_00113,A003
OSHA_00113,A004
OSHA_00114,A002
OSHA_00114,A003
OSHA_00114,A004
OSHA_00115,A002
OSHA_00116,A002
OSHA_00116,A003
OSHA_00116,A004
OSHA_00117,A002
OSHA_00117,A003
OSHA_00117,A004
OSHA_00118,A002
OSHA_00118,A003
OSHA_00118,A004
OSHA_00119,A002
OSHA_00119,A003
OSHA_00119,A004
OSHA_00120,A002
OSHA_00120,A003
OSHA_00120,A004
OSHA_00121,A002
OSHA_00121,A003
OSHA_00121,A004
OSHA_00122,A002
OSHA_00122,A003
OSHA_00122,A004
OSHA_00123,A002
OSHA_00123,A003
OSHA_00123,A004
OSHA_00124,A002
OSHA_00124,A003
OSHA_00124,A004
OSHA_00125,A002
OSHA_00125,A003
OSHA_00125,A004
OSHA_00126,A002
OSHA_00126,A003
OSHA_00126,A004
OSHA_00127,A002
OSHA_00127,A003
OSHA_00127,A004
OSHA_00128,A002
OSHA_00128,A003
OSHA_00128,A004
OSHA_00129,A002
OSHA_00129,A003
OSHA_00129,A004
OSHA_00130,A002
OSHA_00130,A003
OSHA_00130,A004
OSHA_00131,A002
OSHA_00131,A003
OSHA_00131,A004
OSHA_00132,A002
OSHA_00132,A003
OSHA_00132,A004
OSHA_00134,A002
OSHA_00135,A002
OSHA_00135,A003
OSHA_00135,A004
OSHA_00136,A002
OSHA_00136,A003
OSHA_00136,A004
OSHA_00137,A002
OSHA_00137,A003
OSHA_00137,A004
OSHA_00138,A002
OSHA_00138,A003
OSHA_00138,A004
OSHA_00139,A002
OSHA_00139,A003
OSHA_00139,A004
OSHA_00140,A002
OSHA_00140,A003
OSHA_00140,A004
OSHA_00141,A002
OSHA_00141,A003
OSHA_00141,A004
OSHA_00142,A002
OSHA_00142,A003
OSHA_00142,A004
OSHA_00143,A002
OSHA_00143,A003
OSHA_00143,A004
OSHA_00144,A002
OSHA_00144,A003
OSHA_00144,A004
OSHA_00145,A002
OSHA_00145,A003
OSHA_00145,A004
OSHA_00146,A002
OSHA_00146,A003
OSHA_00146,A004
OSHA_00147,A002
OSHA_00147,A003
OSHA_00147,A004
OSHA_00148,A002
OSHA_00148,A003
OSHA_00148,A004
OSHA_00149,A002
OSHA_00149,A003
OSHA_00149,A004
OSHA_00151,A002
OSHA_00151,A003
OSHA_00151,A004
OSHA_00152,A002
OSHA_00152,A003
OSHA_00152,A004
OSHA_00153,A002
OSHA_00153,A003
OSHA_00153,A004
OSHA_00154,A002
OSHA_00154,A003
OSHA_00154,A004
OSHA_00155,A002
OSHA_00155,A003
OSHA_00155,A004
OSHA_00157,A002
OSHA_00157,A003
OSHA_00157,A004
OSHA_00158,A002
OSHA_00158,A003
OSHA_00158,A004
OSHA_00160,A002
OSHA_00160,A003
OSHA_00160,A004
OSHA_00161,A002
OSHA_00161,A003
OSHA_00161,A004
OSHA_00162,A002
OSHA_00162,A003
OSHA_00162,A004
OSHA_00164,A002
OSHA_00165,A002
OSHA_00165,A003
OSHA_00165,A004
OSHA_00168,A002
OSHA_00168,A003
OSHA_00168,A004
OSHA_00169,A002
OSHA_00169,A003
OSHA_00169,A004
OSHA_00170,A002
OSHA_00170,A003
OSHA_00170,A004
OSHA_00171,A002
OSHA_00171,A003
OSHA_00171,A004
OSHA_00172,A002
OSHA_00172,A003
OSHA_00172,A004
OSHA_00173,A002
OSHA_00173,A003
OSHA_00173,A004
OSHA_00174,A002
OSHA_00174,A003
OSHA_00174,A004
OSHA_00175,A002
OSHA_00176,A002
OSHA_00176,A003
OSHA_00176,A004
OSHA_00177,A002
OSHA_00177,A003
OSHA_00177,A004
OSHA_00179,A002
OSHA_00179,A003
OSHA_00179,A004
OSHA_00180,A002
OSHA_00180,A003
OSHA_00180,A004
OSHA_00181,A002
OSHA_00181,A003
OSHA_00181,A004
OSHA_00182,A002
OSHA_00182,A003
OSHA_00182,A004
OSHA_00183,A002
OSHA_00183,A003
OSHA_00183,A004
OSHA_00184,A002
OSHA_00184,A003
OSHA_00184,A004
OSHA_00185,A002
OSHA_00185,A003
OSHA_00185,A004
OSHA_00186,A002
OSHA_00186,A003
OSHA_00186,A004
OSHA_00187,A002
OSHA_00187,A003
OSHA_00187,A004
OSHA_00188,A002
OSHA_00188,A003
OSHA_00188,A004
OSHA_00189,A002
OSHA_00189,A003
OSHA_00189,A004
OSHA_00190,A002
OSHA_00190,A003
OSHA_00190,A004
OSHA_00191,A002
OSHA_00191,A003
OSHA_00191,A004
OSHA_00192,A002
OSHA_00192,A003
OSHA_00192,A004
OSHA_00193,A002
OSHA_00193,A003
OSHA_00193,A004
OSHA_00194,A002
OSHA_00194,A003
OSHA_00194,A004
OSHA_00195,A002
OSHA_00195,A003
OSHA_00195,A004
OSHA_00196,A002
OSHA_00196,A003
OSHA_00196,A004
OSHA_00198,A002
OSHA_00200,A002
OSHA_00201,A002
OSHA_00201,A003
OSHA_00201,A004
OSHA_00203,A002
OSHA_00203,A003
OSHA_00203,A004
OSHA_00204,A002
OSHA_00204,A003
OSHA_00204,A004
OSHA_00207,A002
OSHA_00207,A003
OSHA_00207,A004
OSHA_00208,A002
OSHA_00208,A003
OSHA_00208,A004
OSHA_00209,A002
OSHA_00209,A003
OSHA_00209,A004
OSHA_00210,A002
OSHA_00210,A003
OSHA_00210,A004
OSHA_00211,A002
OSHA_00211,A003
OSHA_00211,A004
OSHA_00212,A002
OSHA_00212,A003
OSHA_00212,A004
OSHA_00213,A002
OSHA_00213,A003
OSHA_00213,A004
OSHA_00215,A002
OSHA_00215,A003
OSHA_00215,A004
OSHA_00217,A002
OSHA_00217,A003
OSHA_00217,A004
OSHA_00218,A002
OSHA_00218,A003
OSHA_00218,A004
OSHA_00219,A002
OSHA_00219,A003
OSHA_00219,A004
OSHA_00220,A002
OSHA_00220,A003
OSHA_00220,A004
OSHA_00221,A002
OSHA_00221,A003
OSHA_00221,A004
OSHA_00222,A002
OSHA_00222,A003
OSHA_00222,A004
OSHA_00224,A002
OSHA_00224,A003
OSHA_00224,A004
OSHA_00225,A002
OSHA_00225,A003
OSHA_00225,A004
OSHA_00226,A002
OSHA_00228,A002
OSHA_00228,A003
OSHA_00228,A004
OSHA_00229,A002
OSHA_00230,A002
OSHA_00230,A003
OSHA_00230,A004
OSHA_00231,A002
OSHA_00231,A003
OSHA_00231,A004
OSHA_00232,A002
OSHA_00232,A003
OSHA_00232,A004
OSHA_00233,A002
OSHA_00233,A003
OSHA_00233,A004
OSHA_00234,A002
OSHA_00234,A003
OSHA_00234,A004
OSHA_00235,A002
OSHA_00235,A003
OSHA_00235,A004
OSHA_00236,A002
OSHA_00236,A003
OSHA_00236,A004
OSHA_00237,A002
OSHA_00237,A003
OSHA_00237,A004
OSHA_00238,A002
OSHA_00238,A003
OSHA_00238,A004
OSHA_00239,A002
OSHA_00239,A003
OSHA_00239,A004
OSHA_00240,A002
OSHA_00240,A003
OSHA_00240,A004
OSHA_00241,A002
OSHA_00241,A003
OSHA_00241,A004
OSHA_00242,A002
OSHA_00244,A002
OSHA_00244,A003
OSHA_00244,A004
OSHA_00247,A002
OSHA_00247,A003
OSHA_00247,A004
OSHA_00248,A002
OSHA_00248,A003
OSHA_00248,A004
OSHA_00249,A002
OSHA_00250,A002
OSHA_00250,A003
OSHA_00250,A004
OSHA_00251,A002
OSHA_00251,A003
OSHA_00251,A004
OSHA_00252,A002
OSHA_00252,A003
OSHA_00252,A004
OSHA_00253,A002
OSHA_00253,A003
OSHA_00253,A004
OSHA_00254,A002
OSHA_00254,A003
OSHA_00254,A004
OSHA_00255,A002
OSHA_00255,A003
OSHA_00255,A004
OSHA_00256,A002
OSHA_00256,A003
OSHA_00256,A004
OSHA_00257,A002
OSHA_00257,A003
OSHA_00257,A004
OSHA_00258,A002
OSHA_00258,A003
OSHA_00258,A004
OSHA_00259,A002
OSHA_00259,A003
OSHA_00259,A004
OSHA_00260,A002
OSHA_00260,A003
OSHA_00260,A004
OSHA_00261,A002
OSHA_00261,A003
OSHA_00261,A004
OSHA_00262,A002
OSHA_00262,A003
OSHA_00262,A004
OSHA_00263,A002
OSHA_00263,A003
OSHA_00263,A004
OSHA_00264,A002
OSHA_00264,A003
OSHA_00264,A004
OSHA_00265,A002
OSHA_00265,A003
OSHA_00265,A004
OSHA_00266,A002
OSHA_00266,A003
OSHA_00266,A004
OSHA_00267,A002
OSHA_00267,A003
OSHA_00267,A004
OSHA_00270,A002
OSHA_00270,A003
OSHA_00270,A004
OSHA_00271,A002
OSHA_00271,A003
OSHA_00271,A004
OSHA_00272,A002
OSHA_00272,A003
OSHA_00272,A004
OSHA_00273,A002
OSHA_00273,A003
OSHA_00273,A004
OSHA_00277,A002
OSHA_00277,A003
OSHA_00277,A004
OSHA_00279,A002
OSHA_00279,A003
OSHA_00279,A004
OSHA_00280,A002
OSHA_00280,A003
OSHA_00280,A004
OSHA_00281,A002
OSHA_00281,A003
OSHA_00281,A004
OSHA_00282,A002
OSHA_00282,A003
OSHA_00282,A004
OSHA_00283,A002
OSHA_00283,A003
OSHA_00283,A004
OSHA_00284,A002
OSHA_00284,A003
OSHA_00284,A004
OSHA_00285,A002
OSHA_00285,A003
OSHA_00285,A004
OSHA_00286,A002
OSHA_00286,A003
OSHA_00286,A004
OSHA_00287,A002
OSHA_00287,A003
OSHA_00287,A004
OSHA_00288,A002
OSHA_00288,A003
OSHA_00288,A004
OSHA_00289,A002
OSHA_00289,A003
OSHA_00289,A004
OSHA_00290,A002
OSHA_00290,A003
OSHA_00290,A004
OSHA_00291,A002
OSHA_00291,A003
OSHA_00291,A004
OSHA_00292,A002
OSHA_00292,A003
OSHA_00292,A004
OSHA_00293,A002
OSHA_00293,A003
OSHA_00293,A004
OSHA_00294,A002
OSHA_00294,A003
OSHA_00294,A004
OSHA_00296,A002
OSHA_00296,A003
OSHA_00296,A004
OSHA_00297,A002
OSHA_00297,A003
OSHA_00297,A004
OSHA_00298,A002
OSHA_00298,A003
OSHA_00298,A004
OSHA_00299,A002
OSHA_00299,A003
OSHA_00299,A004
OSHA_00300,A002
OSHA_00300,A003
OSHA_00300,A004
OSHA_00301,A002
OSHA_00301,A003
OSHA_00301,A004
OSHA_00302,A002
OSHA_00302,A003
OSHA_00302,A004
OSHA_00304,A002
OSHA_00304,A003
OSHA_00304,A004
OSHA_00305,A002
OSHA_00305,A003
OSHA_00305,A004
OSHA_00306,A002
OSHA_00307,A002
OSHA_00307,A003
OSHA_00307,A004
OSHA_00308,A002
OSHA_00308,A003
OSHA_00308,A004
OSHA_00309,A002
OSHA_00309,A003
OSHA_00309,A004
OSHA_00311,A002
OSHA_00311,A003
OSHA_00311,A004
OSHA_00312,A002
OSHA_00312,A003
OSHA_00312,A004
OSHA_00313,A002
OSHA_00313,A003
OSHA_00313,A004
OSHA_00314,A002
OSHA_00314,A003
OSHA_00314,A004
OSHA_00315,A002
OSHA_00315,A003
OSHA_00315,A004
OSHA_00316,A002
OSHA_00316,A003
OSHA_00316,A004
OSHA_00317,A002
OSHA_00317,A003
OSHA_00317,A004
OSHA_00318,A002
OSHA_00318,A003
OSHA_00318,A004
OSHA_00319,A002
OSHA_00319,A003
OSHA_00319,A004
OSHA_00320,A002
OSHA_00320,A003
OSHA_00320,A004
OSHA_00321,A002
OSHA_00321,A003
OSHA_00321,A004
OSHA_00323,A002
OSHA_00323,A003
OSHA_00323,A004
OSHA_00324,A002
OSHA_00324,A003
OSHA_00324,A004
OSHA_00325,A002
OSHA_00326,A002
OSHA_00326,A003
OSHA_00326,A004
OSHA_00327,A002
OSHA_00327,A003
OSHA_00327,A004
OSHA_00328,A002
OSHA_00328,A003
OSHA_00328,A004
OSHA_00329,A002
OSHA_00329,A003
OSHA_00329,A004
OSHA_00330,A002
OSHA_00330,A003
OSHA_00330,A004
OSHA_00331,A002
OSHA_00331,A003
OSHA_00331,A004
OSHA_00332,A002
OSHA_00332,A003
OSHA_00332,A004
OSHA_00333,A002
OSHA_00333,A003
OSHA_00333,A004
OSHA_00334,A002
OSHA_00334,A003
OSHA_00334,A004
OSHA_00335,A002
OSHA_00335,A003
OSHA_00335,A004
OSHA_00336,A002
OSHA_00336,A003
OSHA_00336,A004
OSHA_00338,A002
OSHA_00338,A003
OSHA_00338,A004
OSHA_00339,A002
OSHA_00339,A003
OSHA_00339,A004
OSHA_00340,A002
OSHA_00340,A003
OSHA_00340,A004
OSHA_00341,A002
OSHA_00341,A003
OSHA_00341,A004
OSHA_00342,A002
OSHA_00342,A003
OSHA_00342,A004
OSHA_00343,A002
OSHA_00343,A003
OSHA_00343,A004
OSHA_00344,A002
OSHA_00344,A003
OSHA_00344,A004
OSHA_00345,A002
OSHA_00345,A003
OSHA_00345,A004
OSHA_00346,A002
OSHA_00346,A003
OSHA_00346,A004
OSHA_00347,A002
OSHA_00347,A003
OSHA_00347,A004
OSHA_00348,A002
OSHA_00348,A003
OSHA_00348,A004
OSHA_00349,A002
OSHA_00349,A003
OSHA_00349,A004
OSHA_00350,A002
OSHA_00350,A003
OSHA_00350,A004
OSHA_00352,A002
OSHA_00352,A003
OSHA_00352,A004
OSHA_00353,A002
OSHA_00353,A003
OSHA_00353,A004
OSHA_00355,A002
OSHA_00355,A003
OSHA_00355,A004
OSHA_00356,A002
OSHA_00356,A003
OSHA_00356,A004
OSHA_00357,A002
OSHA_00357,A003
OSHA_00357,A004
OSHA_00358,A002
OSHA_00358,A003
OSHA_00358,A004
OSHA_00359,A002
OSHA_00359,A003
OSHA_00359,A004
OSHA_00360,A002
OSHA_00360,A003
OSHA_00360,A004
OSHA_00362,A002
OSHA_00362,A003
OSHA_00362,A004
OSHA_00363,A002
OSHA_00363,A003
OSHA_00363,A004
OSHA_00364,A002
OSHA_00364,A003
OSHA_00364,A004
OSHA_00365,A002
OSHA_00365,A003
OSHA_00365,A004
OSHA_00366,A002
OSHA_00366,A003
OSHA_00366,A004
OSHA_00367,A002
OSHA_00367,A003
OSHA_00367,A004
OSHA_00368,A002
OSHA_00368,A003
OSHA_00368,A004
OSHA_00370,A002
OSHA_00371,A002
OSHA_00371,A003
OSHA_00371,A004
OSHA_00372,A002
OSHA_00372,A003
OSHA_00372,A004
OSHA_00375,A002
OSHA_00375,A003
OSHA_00375,A004
OSHA_00376,A002
OSHA_00377,A002
OSHA_00377,A003
OSHA_00377,A004
OSHA_00378,A002
OSHA_00378,A003
OSHA_00378,A004
OSHA_00381,A002
OSHA_00381,A003
OSHA_00381,A004
OSHA_00382,A002
OSHA_00382,A003
OSHA_00382,A004
OSHA_00383,A002
OSHA_00383,A003
OSHA_00383,A004
OSHA_00384,A002
OSHA_00384,A003
OSHA_00384,A004
OSHA_00385,A002
OSHA_00385,A003
OSHA_00385,A004
OSHA_00386,A002
OSHA_00386,A003
OSHA_00386,A004
OSHA_00387,A002
OSHA_00387,A003
OSHA_00387,A004
OSHA_00388,A002
OSHA_00388,A003
OSHA_00388,A004
OSHA_00389,A002
OSHA_00389,A003
OSHA_00389,A004
OSHA_00390,A002
OSHA_00390,A003
OSHA_00390,A004
OSHA_00391,A002
OSHA_00391,A003
OSHA_00391,A004
OSHA_00392,A002
OSHA_00392,A003
OSHA_00392,A004
OSHA_00393,A002
OSHA_00393,A003
OSHA_00393,A004
OSHA_00394,A002
OSHA_00394,A003
OSHA_00394,A004
OSHA_00395,A002
OSHA_00395,A003
OSHA_00395,A004
OSHA_00396,A002
OSHA_00396,A003
OSHA_00396,A004
OSHA_00397,A002
OSHA_00398,A002
OSHA_00398,A003
OSHA_00398,A004
OSHA_00399,A002
OSHA_00399,A003
OSHA_00399,A004
OSHA_00400,A002
OSHA_00400,A003
OSHA_00400,A004
OSHA_00401,A002
OSHA_00401,A003
OSHA_00401,A004
OSHA_00402,A002
OSHA_00402,A003
OSHA_00402,A004
OSHA_00403,A002
OSHA_00403,A003
OSHA_00403,A004
OSHA_00404,A002
OSHA_00404,A003
OSHA_00404,A004
OSHA_00407,A002
OSHA_00407,A003
OSHA_00407,A004
OSHA_00409,A002
OSHA_00409,A003
OSHA_00409,A004
OSHA_00410,A002
OSHA_00410,A003
OSHA_00410,A004
OSHA_00412,A002
OSHA_00412,A003
OSHA_00412,A004
OSHA_00413,A002
OSHA_00413,A003
OSHA_00413,A004
OSHA_00414,A002
OSHA_00414,A003
OSHA_00414,A004
OSHA_00416,A002
OSHA_00416,A003
OSHA_00416,A004
OSHA_00417,A002
OSHA_00418,A002
OSHA_00418,A003
OSHA_00418,A004
OSHA_00419,A002
OSHA_00419,A003
OSHA_00419,A004
OSHA_00420,A002
OSHA_00420,A003
OSHA_00420,A004
OSHA_00422,A002
OSHA_00422,A003
OSHA_00422,A004
OSHA_00423,A002
OSHA_00423,A003
OSHA_00423,A004
OSHA_00424,A002
OSHA_00424,A003
OSHA_00424,A004
OSHA_00425,A002
OSHA_00425,A003
OSHA_00425,A004
OSHA_00427,A002
OSHA_00427,A003
OSHA_00427,A004
OSHA_00428,A002
OSHA_00428,A003
OSHA_00428,A004
OSHA_00429,A002
OSHA_00429,A003
OSHA_00429,A004
OSHA_00430,A002
OSHA_00430,A003
OSHA_00430,A004
OSHA_00431,A002
OSHA_00431,A003
OSHA_00431,A004
OSHA_00432,A002
OSHA_00432,A003
OSHA_00432,A004
OSHA_00433,A002
OSHA_00433,A003
OSHA_00433,A004
OSHA_00434,A002
OSHA_00434,A003
OSHA_00434,A004
OSHA_00435,A002
OSHA_00436,A002
OSHA_00436,A003
OSHA_00436,A004
OSHA_00437,A002
OSHA_00437,A003
OSHA_00437,A004
OSHA_00438,A002
OSHA_00438,A003
OSHA_00438,A004
OSHA_00440,A002
OSHA_00440,A003
OSHA_00440,A004
OSHA_00441,A002
OSHA_00441,A003
OSHA_00441,A004
OSHA_00442,A002
OSHA_00442,A003
OSHA_00442,A004
OSHA_00443,A002
OSHA_00443,A003
OSHA_00443,A004
OSHA_00444,A002
OSHA_00444,A003
OSHA_00444,A004
OSHA_00445,A002
OSHA_00445,A003
OSHA_00445,A004
OSHA_00446,A002
OSHA_00446,A003
OSHA_00446,A004
OSHA_00447,A002
OSHA_00447,A003
OSHA_00447,A004
OSHA_00448,A002
OSHA_00448,A003
OSHA_00448,A004
OSHA_00449,A002
OSHA_00449,A003
OSHA_00449,A004
OSHA_00450,A002
OSHA_00450,A003
OSHA_00450,A004
OSHA_00451,A002
OSHA_00451,A003
OSHA_00451,A004
OSHA_00452,A002
OSHA_00452,A003
OSHA_00452,A004
OSHA_00453,A002
OSHA_00453,A003
OSHA_00453,A004
OSHA_00454,A002
OSHA_00454,A003
OSHA_00454,A004
OSHA_00455,A002
OSHA_00455,A003
OSHA_00455,A004
OSHA_00456,A002
OSHA_00456,A003
OSHA_00456,A004
OSHA_00457,A002
OSHA_00457,A003
OSHA_00457,A004
OSHA_00458,A002
OSHA_00458,A003
OSHA_00458,A004
OSHA_00459,A002
OSHA_00459,A003
OSHA_00459,A004
OSHA_00460,A002
OSHA_00460,A003
OSHA_00460,A004
OSHA_00461,A002
OSHA_00461,A003
OSHA_00461,A004
OSHA_00462,A002
OSHA_00462,A003
OSHA_00462,A004
OSHA_00463,A002
OSHA_00463,A003
OSHA_00463,A004
OSHA_00464,A002
OSHA_00464,A003
OSHA_00464,A004
OSHA_00465,A002
OSHA_00465,A003
OSHA_00465,A004
OSHA_00466,A002
OSHA_00466,A003
OSHA_00466,A004
OSHA_00467,A002
OSHA_00467,A003
OSHA_00467,A004
OSHA_00468,A002
OSHA_00468,A003
OSHA_00468,A004
OSHA_00471,A002
OSHA_00471,A003
OSHA_00471,A004
OSHA_00472,A002
OSHA_00472,A003
OSHA_00472,A004
OSHA_00473,A002
OSHA_00473,A003
OSHA_00473,A004
OSHA_00474,A002
OSHA_00474,A003
OSHA_00474,A004
OSHA_00475,A002
OSHA_00475,A003
OSHA_00475,A004
LBR_00002,A005
LBR_00005,A005
LBR_00007,A005
LBR_00008,A005
LBR_00009,A005
LBR_00010,A005
LBR_00013,A005
LBR_00015,A005
LBR_00016,A005
LBR_00017,A005
LBR_00018,A005
LBR_00019,A005
LBR_00020,A005
LBR_00022,A005
LBR_00024,A005
LBR_00025,A005
LBR_00027,A005
LBR_00031,A005
LBR_00032,A005
LBR_00033,A005
LBR_00034,A005
LBR_00035,A005
LBR_00036,A005
LBR_00037,A005
LBR_00046,A005
LBR_00047,A005
LBR_00048,A005
LBR_00050,A005
LBR_00051,A005
LBR_00052,A005
LBR_00053,A005
LBR_00054,A005
LBR_00055,A005
LBR_00057,A005
LBR_00058,A005
LBR_00059,A005
LBR_00060,A005
LBR_00062,A005
LBR_00063,A005
LBR_00064,A005
LBR_00068,A005
LBR_00071,A005
LBR_00072,A005
LBR_00075,A005
LBR_00077,A005
LBR_00078,A005
LBR_00080,A005
LBR_00082,A005
LBR_00086,A005
LBR_00087,A005
LBR_00088,A005
LBR_00089,A005
LBR_00090,A005
LBR_00091,A005
LBR_00092,A005
LBR_00093,A005
LBR_00094,A005
LBR_00101,A005
LBR_00102,A005
LBR_00103,A005
LBR_00104,A005
LBR_00105,A005
LBR_00106,A005
LBR_00108,A005
LBR_00111,A005
LBR_00113,A005
LBR_00114,A005
LBR_00115,A005
LBR_00116,A005
LBR_00120,A005
LBR_00121,A005
LBR_00122,A005
OSHA_00001,A006
OSHA_00068,A006
OSHA_00415,A006
LBR_00001,A005
LBR_00003,A005
LBR_00026,A005
LBR_00065,A005
LBR_00066,A006
LBR_00004,A006
LBR_00100,A006
LBR_00011,A006
LBR_00039,A006
LBR_00097,A006
LBR_00128,A006
LBR_00012,A005
LBR_00038,A005
LBR_00041,A005
LBR_00043,A005
LBR_00040,A006
LBR_00095,A006
LBR_00125,A006
LBR_00126,A006
LBR_00042,A005
LBR_00099,A005
LBR_00067,A006
LBR_00098,A006
LBR_00127,A006
LBR_00119,A006
LBR_00096,A006
