案例ID,條文ID
OSHA_00002,L008
OSHA_00003,L008
OSHA_00004,L008
OSHA_00005,L008
OSHA_00006,L008
OSHA_00007,L008
OSHA_00008,L008
OSHA_00009,L008
OSHA_00010,L008
OSHA_00011,L008
OSHA_00012,L008
OSHA_00013,L008
OSHA_00014,L008
OSHA_00015,L008
OSHA_00016,L008
OSHA_00017,L008
OSHA_00018,L008
OSHA_00019,L008
OSHA_00020,L008
OSHA_00021,L008
OSHA_00022,L008
OSHA_00023,L008
OSHA_00024,L008
OSHA_00025,L008
OSHA_00026,L008
OSHA_00027,L008
OSHA_00028,L008
OSHA_00029,L008
OSHA_00030,L008
OSHA_00031,L008
OSHA_00032,L008
OSHA_00033,L008
OSHA_00034,L008
OSHA_00035,L008
OSHA_00036,L008
OSHA_00037,L008
OSHA_00038,L008
OSHA_00039,L008
OSHA_00040,L008
OSHA_00041,L008
OSHA_00042,L008
OSHA_00043,L008
OSHA_00044,L008
OSHA_00045,L008
OSHA_00046,L008
OSHA_00047,L008
OSHA_00048,L008
OSHA_00049,L008
OSHA_00050,L008
OSHA_00051,L008
OSHA_00052,L008
OSHA_00053,L008
OSHA_00054,L008
OSHA_00055,L008
OSHA_00056,L008
OSHA_00057,L007
OSHA_00058,L008
OSHA_00059,L008
OSHA_00060,L008
OSHA_00061,L008
OSHA_00062,L008
OSHA_00063,L008
OSHA_00064,L008
OSHA_00065,L008
OSHA_00066,L008
OSHA_00067,L008
OSHA_00069,L008
OSHA_00070,L008
OSHA_00071,L007
OSHA_00072,L008
OSHA_00073,L008
OSHA_00074,L008
OSHA_00075,L008
OSHA_00076,L008
OSHA_00077,L008
OSHA_00078,L008
OSHA_00079,L008
OSHA_00080,L008
OSHA_00081,L008
OSHA_00082,L008
OSHA_00083,L008
OSHA_00084,L008
OSHA_00085,L008
OSHA_00086,L007
OSHA_00087,L008
OSHA_00088,L008
OSHA_00089,L007
OSHA_00090,L008
OSHA_00091,L008
OSHA_00092,L007
OSHA_00093,L008
OSHA_00094,L008
OSHA_00095,L008
OSHA_00096,L008
OSHA_00097,L008
OSHA_00098,L008
OSHA_00099,L008
OSHA_00100,L008
OSHA_00101,L008
OSHA_00102,L008
OSHA_00103,L008
OSHA_00104,L008
OSHA_00105,L008
OSHA_00106,L008
OSHA_00107,L008
OSHA_00108,L008
OSHA_00109,L008
OSHA_00110,L008
OSHA_00111,L008
OSHA_00112,L008
OSHA_00113,L008
OSHA_00114,L008
OSHA_00115,L007
OSHA_00116,L008
OSHA_00117,L008
OSHA_00118,L008
OSHA_00119,L008
OSHA_00120,L008
OSHA_00121,L008
OSHA_00122,L008
OSHA_00123,L008
OSHA_00124,L008
OSHA_00125,L008
OSHA_00126,L008
OSHA_00127,L008
OSHA_00128,L008
OSHA_00129,L008
OSHA_00130,L008
OSHA_00131,L008
OSHA_00132,L008
OSHA_00133,L008
OSHA_00134,L007
OSHA_00135,L008
OSHA_00136,L008
OSHA_00137,L008
OSHA_00138,L008
OSHA_00139,L008
OSHA_00140,L008
OSHA_00141,L008
OSHA_00142,L008
OSHA_00143,L008
OSHA_00144,L008
OSHA_00145,L008
OSHA_00146,L008
OSHA_00147,L008
OSHA_00148,L008
OSHA_00149,L008
OSHA_00150,L008
OSHA_00151,L008
OSHA_00152,L008
OSHA_00153,L008
OSHA_00154,L008
OSHA_00155,L008
OSHA_00156,L008
OSHA_00157,L008
OSHA_00158,L008
OSHA_00159,L008
OSHA_00160,L008
OSHA_00161,L008
OSHA_00162,L008
OSHA_00163,L008
OSHA_00164,L007
OSHA_00165,L008
OSHA_00166,L008
OSHA_00167,L008
OSHA_00168,L008
OSHA_00169,L008
OSHA_00170,L008
OSHA_00171,L008
OSHA_00172,L008
OSHA_00173,L008
OSHA_00174,L008
OSHA_00175,L007
OSHA_00176,L008
OSHA_00177,L008
OSHA_00178,L008
OSHA_00179,L008
OSHA_00180,L008
OSHA_00181,L008
OSHA_00182,L007
OSHA_00183,L008
OSHA_00184,L008
OSHA_00185,L008
OSHA_00186,L008
OSHA_00187,L008
OSHA_00188,L008
OSHA_00189,L008
OSHA_00190,L008
OSHA_00191,L008
OSHA_00192,L008
OSHA_00193,L008
OSHA_00194,L008
OSHA_00195,L008
OSHA_00196,L008
OSHA_00197,L008
OSHA_00198,L007
OSHA_00199,L008
OSHA_00200,L007
OSHA_00201,L008
OSHA_00202,L008
OSHA_00203,L008
OSHA_00204,L008
OSHA_00205,L008
OSHA_00206,L008
OSHA_00207,L008
OSHA_00208,L008
OSHA_00209,L008
OSHA_00210,L008
OSHA_00211,L008
OSHA_00212,L008
OSHA_00213,L008
OSHA_00214,L008
OSHA_00215,L008
OSHA_00216,L008
OSHA_00217,L008
OSHA_00218,L008
OSHA_00219,L008
OSHA_00220,L008
OSHA_00221,L008
OSHA_00222,L008
OSHA_00223,L008
OSHA_00224,L008
OSHA_00225,L008
OSHA_00226,L007
OSHA_00227,L008
OSHA_00228,L008
OSHA_00229,L007
OSHA_00230,L008
OSHA_00231,L008
OSHA_00232,L008
OSHA_00233,L008
OSHA_00234,L008
OSHA_00235,L008
OSHA_00236,L008
OSHA_00237,L008
OSHA_00238,L008
OSHA_00239,L008
OSHA_00240,L008
OSHA_00241,L008
OSHA_00242,L007
OSHA_00243,L008
OSHA_00244,L008
OSHA_00245,L008
OSHA_00246,L008
OSHA_00247,L008
OSHA_00248,L008
OSHA_00249,L007
OSHA_00250,L008
OSHA_00251,L008
OSHA_00252,L008
OSHA_00253,L008
OSHA_00254,L008
OSHA_00255,L008
OSHA_00256,L008
OSHA_00257,L008
OSHA_00258,L008
OSHA_00259,L008
OSHA_00260,L008
OSHA_00261,L008
OSHA_00262,L008
OSHA_00263,L008
OSHA_00264,L008
OSHA_00265,L008
OSHA_00266,L008
OSHA_00267,L008
OSHA_00268,L008
OSHA_00269,L008
OSHA_00270,L008
OSHA_00271,L008
OSHA_00272,L008
OSHA_00273,L008
OSHA_00274,L008
OSHA_00275,L008
OSHA_00276,L008
OSHA_00277,L008
OSHA_00278,L008
OSHA_00279,L008
OSHA_00280,L008
OSHA_00281,L008
OSHA_00282,L008
OSHA_00283,L008
OSHA_00284,L008
OSHA_00285,L008
OSHA_00286,L008
OSHA_00287,L008
OSHA_00288,L008
OSHA_00289,L008
OSHA_00290,L008
OSHA_00291,L008
OSHA_00292,L008
OSHA_00293,L008
OSHA_00294,L008
OSHA_00295,L008
OSHA_00296,L008
OSHA_00297,L008
OSHA_00298,L008
OSHA_00299,L008
OSHA_00300,L008
OSHA_00301,L008
OSHA_00302,L008
OSHA_00303,L008
OSHA_00304,L008
OSHA_00305,L008
OSHA_00306,L007
OSHA_00307,L008
OSHA_00308,L008
OSHA_00309,L008
OSHA_00310,L008
OSHA_00311,L008
OSHA_00312,L008
OSHA_00313,L008
OSHA_00314,L008
OSHA_00315,L008
OSHA_00316,L008
OSHA_00317,L008
OSHA_00318,L008
OSHA_00319,L008
OSHA_00320,L008
OSHA_00321,L008
OSHA_00322,L008
OSHA_00323,L008
OSHA_00324,L008
OSHA_00325,L007
OSHA_00326,L008
OSHA_00327,L008
OSHA_00328,L008
OSHA_00329,L008
OSHA_00330,L008
OSHA_00331,L008
OSHA_00332,L008
OSHA_00333,L008
OSHA_00334,L008
OSHA_00335,L008
OSHA_00336,L008
OSHA_00337,L008
OSHA_00338,L008
OSHA_00339,L008
OSHA_00340,L008
OSHA_00341,L008
OSHA_00342,L008
OSHA_00343,L008
OSHA_00344,L008
OSHA_00345,L008
OSHA_00346,L008
OSHA_00347,L008
OSHA_00348,L008
OSHA_00349,L008
OSHA_00350,L008
OSHA_00351,L008
OSHA_00352,L008
OSHA_00353,L008
OSHA_00354,L008
OSHA_00355,L008
OSHA_00356,L008
OSHA_00357,L008
OSHA_00358,L008
OSHA_00359,L008
OSHA_00360,L008
OSHA_00361,L008
OSHA_00362,L008
OSHA_00363,L008
OSHA_00364,L008
OSHA_00365,L008
OSHA_00366,L008
OSHA_00367,L008
OSHA_00368,L008
OSHA_00369,L008
OSHA_00370,L007
OSHA_00371,L008
OSHA_00372,L008
OSHA_00373,L008
OSHA_00374,L008
OSHA_00375,L008
OSHA_00376,L007
OSHA_00377,L008
OSHA_00378,L008
OSHA_00379,L008
OSHA_00380,L008
OSHA_00381,L008
OSHA_00382,L008
OSHA_00383,L008
OSHA_00384,L008
OSHA_00385,L008
OSHA_00386,L008
OSHA_00387,L008
OSHA_00388,L008
OSHA_00389,L008
OSHA_00390,L008
OSHA_00391,L008
OSHA_00392,L008
OSHA_00393,L008
OSHA_00394,L008
OSHA_00395,L008
OSHA_00396,L008
OSHA_00397,L007
OSHA_00398,L008
OSHA_00399,L008
OSHA_00400,L008
OSHA_00401,L008
OSHA_00402,L008
OSHA_00403,L008
OSHA_00404,L008
OSHA_00405,L008
OSHA_00406,L008
OSHA_00407,L008
OSHA_00408,L008
OSHA_00409,L008
OSHA_00410,L008
OSHA_00411,L008
OSHA_00412,L008
OSHA_00413,L008
OSHA_00414,L008
OSHA_00416,L008
OSHA_00417,L007
OSHA_00418,L008
OSHA_00419,L008
OSHA_00420,L008
OSHA_00421,L008
OSHA_00422,L008
OSHA_00423,L008
OSHA_00424,L008
OSHA_00425,L008
OSHA_00426,L008
OSHA_00427,L008
OSHA_00428,L008
OSHA_00429,L008
OSHA_00430,L008
OSHA_00431,L008
OSHA_00432,L008
OSHA_00433,L008
OSHA_00434,L008
OSHA_00435,L007
OSHA_00436,L008
OSHA_00437,L008
OSHA_00438,L008
OSHA_00439,L008
OSHA_00440,L008
OSHA_00441,L008
OSHA_00442,L008
OSHA_00443,L008
OSHA_00444,L008
OSHA_00445,L008
OSHA_00446,L008
OSHA_00447,L008
OSHA_00448,L008
OSHA_00449,L008
OSHA_00450,L008
OSHA_00451,L008
OSHA_00452,L008
OSHA_00453,L008
OSHA_00454,L008
OSHA_00455,L008
OSHA_00456,L008
OSHA_00457,L008
OSHA_00458,L008
OSHA_00459,L008
OSHA_00460,L008
OSHA_00461,L008
OSHA_00462,L008
OSHA_00463,L008
OSHA_00464,L008
OSHA_00465,L008
OSHA_00466,L008
OSHA_00467,L008
OSHA_00468,L008
OSHA_00469,L008
OSHA_00470,L008
OSHA_00471,L008
OSHA_00472,L008
OSHA_00473,L008
OSHA_00474,L008
OSHA_00475,L008
LBR_00002,L001
LBR_00005,L001
LBR_00006,L001
LBR_00007,L001
LBR_00008,L001
LBR_00009,L001
LBR_00010,L001
LBR_00013,L001
LBR_00014,L001
LBR_00015,L001
LBR_00016,L001
LBR_00017,L001
LBR_00018,L001
LBR_00019,L001
LBR_00020,L001
LBR_00021,L001
LBR_00022,L001
LBR_00023,L001
LBR_00024,L001
LBR_00025,L001
LBR_00027,L001
LBR_00028,L001
LBR_00029,L001
LBR_00030,L001
LBR_00031,L001
LBR_00032,L001
LBR_00033,L001
LBR_00034,L001
LBR_00035,L001
LBR_00036,L001
LBR_00037,L001
LBR_00044,L001
LBR_00045,L001
LBR_00046,L001
LBR_00047,L001
LBR_00048,L001
LBR_00049,L001
LBR_00050,L001
LBR_00051,L001
LBR_00052,L001
LBR_00053,L001
LBR_00054,L001
LBR_00055,L001
LBR_00056,L001
LBR_00057,L001
LBR_00058,L001
LBR_00059,L001
LBR_00060,L001
LBR_00061,L001
LBR_00062,L001
LBR_00063,L001
LBR_00064,L001
LBR_00068,L001
LBR_00069,L001
LBR_00070,L001
LBR_00071,L001
LBR_00072,L001
LBR_00073,L001
LBR_00074,L001
LBR_00075,L001
LBR_00076,L001
LBR_00077,L001
LBR_00078,L001
LBR_00079,L001
LBR_00080,L001
LBR_00081,L001
LBR_00082,L001
LBR_00083,L001
LBR_00084,L001
LBR_00085,L001
LBR_00086,L001
LBR_00087,L001
LBR_00088,L001
LBR_00089,L001
LBR_00090,L001
LBR_00091,L001
LBR_00092,L001
LBR_00093,L001
LBR_00094,L001
LBR_00101,L001
LBR_00102,L001
LBR_00103,L001
LBR_00104,L001
LBR_00105,L001
LBR_00106,L001
LBR_00107,L001
LBR_00108,L001
LBR_00109,L001
LBR_00110,L001
LBR_00111,L001
LBR_00112,L001
LBR_00113,L001
LBR_00114,L001
LBR_00115,L001
LBR_00116,L001
LBR_00117,L001
LBR_00118,L001
LBR_00120,L001
LBR_00121,L001
LBR_00122,L001
LBR_00123,L001
LBR_00124,L001
LBR_00003,L021
LBR_00026,L021
LBR_00065,L021
LBR_00119,L021
LBR_00038,L034
LBR_00041,L034
LBR_00043,L034
LBR_00095,L034
LBR_00042,L035
LBR_00099,L035
LBR_00125,L034
LBR_00126,L035
LBR_00012,L001
LBR_00004,L020
LBR_00100,L020
LBR_00098,L035
LBR_00127,L020
LBR_00096,L035
